,precision,recall,f1-score,support,pred,AUC
0.0,0.7752808988764045,0.8313253012048193,0.8023255813953489,83.0,83.0,0.8745570517363572
1.0,0.0,0.0,0.0,33.0,33.0,0.6261961722488039
2.0,0.5520833333333334,0.7681159420289855,0.6424242424242425,69.0,69.0,0.726886556721639
avg / total,0.5537408897661706,0.6594594594594595,0.5995691674761443,185.0,185.0,0.7466098889484631
